Date,Blind,CID,Name
10/15/2022,1,657788438,Arlo Bradford
10/15/2022,2,041403864,Koa Klein
10/15/2022,3,597453148,Montague Miles
10/15/2022,4,858260254,Freddy Carpenter
10/15/2022,5,320240917,Jadon Yates
10/22/2022,1,487432681,Gemma Spooner
10/22/2022,2,290920549,Elisa Santos
10/22/2022,3,365146732,Pharrell Fountain
10/22/2022,4,491949879,Jacque Donovan
10/22/2022,5,380900216,Hassan Oliver
10/23/2022,1,032643171,Clark Tomlinson
10/23/2022,2,288320524,Etta Hodgson
10/23/2022,3,055979759,Abdurrahman Huynh
10/23/2022,4,737841155,Fahim Solis
10/23/2022,5,983025643,Danyl Vaughan
10/24/2022,1,789392989,Romy Clifford
10/24/2022,2,835574477,Jai Kaye
10/24/2022,3,034674642,Lachlan Irving
10/24/2022,4,131679246,Cheryl Watkins
10/24/2022,5,300767484,Naya Mitchell
10/25/2022,1,571847851,Kacey Simpson
10/25/2022,2,595425262,Melanie Sharma
10/25/2022,3,370391692,Rebekka Meadows
10/25/2022,4,948943796,Bert Stewart
10/25/2022,5,319729922,Samah Hudson
10/26/2022,1,438364934,Kaine Wall
10/26/2022,2,607311928,Kate Colley
10/26/2022,3,631008538,Sophie Crowther
10/26/2022,4,700875574,Leroy Jacobson
10/26/2022,5,983405101,Johnnie Wolfe
10/27/2022,1,342259422,Destiny Smart
10/27/2022,2,881913076,Marius Riggs
10/27/2022,3,024379142,Maverick Holding
10/27/2022,4,398748961,Gia Mcgregor
10/27/2022,5,640519636,Rodney Meyer
10/28/2022,1,926168498,Darcie-Mae Rossi
10/28/2022,2,425910330,Fay Turner
10/28/2022,3,870265552,Caine Arias
10/28/2022,4,543732759,Ivy-Rose Leblanc
10/28/2022,5,773229000,Tasneem Wickens
10/29/2022,1,500326692,Priya Keenan
10/29/2022,2,926109955,Abdur Young
10/29/2022,3,872318516,Georgiana Graves
10/29/2022,4,839137656,Anish Costa
10/29/2022,5,383560157,Rhea Carlson
11/5/2022,1,393799919,Marilyn Robbins
11/5/2022,2,738612018,Kade Mccall
11/5/2022,3,575641564,Kira Good
11/5/2022,4,466141826,Gavin Iles
11/5/2022,5,555592906,Yolanda Owens
11/19/2022,1,496311028,Adyan Dunne
11/19/2022,2,186691876,Aminah Wilson
11/19/2022,3,300291679,Cruz Mccullough
11/19/2022,4,963890793,Lilianna Blanchard
11/19/2022,5,529764936,Allana Mullen
11/20/2022,1,293280989,Amayah Lancaster
11/20/2022,2,274464035,Hakim Wicks
11/20/2022,3,100287132,Hettie Hurst
11/20/2022,4,896178199,Chaim Battle
11/20/2022,5,682311609,Lachlan Kinney
11/21/2022,1,273358373,Huda Fox
11/21/2022,2,154984234,Haidar Kent
11/21/2022,3,665489790,Saqlain Stafford
11/21/2022,4,214982167,Kristina Cartwright
11/21/2022,5,815831495,Tamzin Francis
11/22/2022,1,398434987,Elsie Raymond
11/22/2022,2,377439783,Mahima Dunlap
11/22/2022,3,284704332,Elmer Dolan
11/22/2022,4,429421476,Aimee Sosa
11/22/2022,5,946698775,Raife Cain
11/23/2022,1,291287239,Leticia Golden
11/23/2022,2,088124851,Osama Hussain
11/23/2022,3,297237356,Samir Brady
11/23/2022,4,537473753,Montague Burt
11/23/2022,5,884218466,Veer Joseph
11/24/2022,1,626629563,August Richards
11/24/2022,2,108316254,Tim Bassett
11/24/2022,3,394738262,Fred Rhodes
11/24/2022,4,308212851,Corrina Fraser
11/24/2022,5,089415225,Caitlin Greer
11/25/2022,1,164451228,Ignacy Suarez
11/25/2022,2,885876652,Jace Mayo
11/25/2022,3,224294152,Celia Aldred
11/25/2022,4,049312814,Rudy Wilde
11/25/2022,5,383419450,Greta Rahman
11/26/2022,1,287065972,Landon Potts
11/26/2022,2,705641554,Antoine Stout
11/26/2022,3,325972013,Julius Craft
11/26/2022,4,588641383,Issa Shannon
11/26/2022,5,878730291,Sohaib Poole
11/27/2022,1,162782534,Rocco Lacey
11/27/2022,2,386020433,Viola Neale
11/27/2022,3,564923892,Ana Wyatt
11/27/2022,4,392356653,Macy Simons
11/27/2022,5,237260926,Yvette O'Moore
11/28/2022,1,292362467,Laylah Leblanc
11/28/2022,2,340254224,Saffa Huber
11/28/2022,3,015415248,Hamza Goodwin
11/28/2022,4,101560492,Sameera Rigby
11/28/2022,5,259929034,Adyan Stevenson
11/29/2022,1,174568699,Taslima Miranda
11/29/2022,2,979955934,Tanisha Terrell
11/29/2022,3,092508382,Jody Whitmore
11/29/2022,4,450212503,Camille Lopez
11/29/2022,5,920018415,Hadiya Frey
11/30/2022,1,188393789,Sumaya Mckinney
11/30/2022,2,920956440,Timur Knox
11/30/2022,3,633255525,Izaak Christie
11/30/2022,4,690454279,Rhydian Vu
11/30/2022,5,351672036,Olaf Jeffery
12/1/2022,1,165190620,Krisha Bradley
12/1/2022,2,922180975,Paisley Callahan
12/1/2022,3,592667740,Maciej Lawrence
12/1/2022,4,020684907,Danniella Giles
12/1/2022,5,389072798,Evie-Grace Brook
12/2/2022,1,929328707,Presley Dorsey
12/2/2022,2,463607001,Waqar Mccray
12/2/2022,3,206609571,Jaidon Weaver
12/2/2022,4,578847971,Gurdeep Lucas
12/2/2022,5,826346022,Konrad Bean
12/3/2022,1,874135024,Gilbert Mack
12/3/2022,2,682121464,Tomas Silva
12/3/2022,3,735347374,Liliana Mohamed
12/3/2022,4,477107931,Hebe Nava
12/3/2022,5,655836476,Bluebell Rodriquez
12/4/2022,1,430407414,Ayah Hail
12/4/2022,2,071253931,Cristian Beltran
12/4/2022,3,603053479,Becky Washington
12/4/2022,4,322300604,Cohen Prentice
12/4/2022,5,686039233,Selin Robertson
12/5/2022,1,385016849,Teddy O'Ryan
12/5/2022,2,537027666,Nayan Coulson
12/5/2022,3,215913652,Kaydan Gross
12/5/2022,4,556614209,Rhiannon Pham
12/5/2022,5,811045839,Ezmae Atkinson
12/6/2022,1,427221188,Cayson Clark
12/6/2022,2,594376901,Carlo Ellison
12/6/2022,3,170738325,Una Vargas
12/6/2022,4,538632509,Devin Knott
12/6/2022,5,517976256,Nichole Bellamy
12/7/2022,1,471091787,Baran Jacobs
12/7/2022,2,544480454,Elouise Matthews
12/7/2022,3,707594727,Cormac Cabrera
12/7/2022,4,493961155,Jaden Klein
12/7/2022,5,333984443,Kianna Lacey
12/8/2022,1,428971800,Annabelle Bull
12/8/2022,2,580758255,Aarron Mays
12/8/2022,3,328991035,Tahmina Daugherty
12/8/2022,4,257183413,Emilio Tapia
12/8/2022,5,515096400,Michalina Jones
12/9/2022,1,690252724,Morwenna Howarth
12/9/2022,2,671840303,Alexie Proctor
12/9/2022,3,985408807,Myra Conrad
12/9/2022,4,532868961,Georga Carney
12/9/2022,5,025667763,Ellie-May Ford
12/10/2022,1,679611088,Rojin Ireland
12/10/2022,2,726506649,Klara Doherty
12/10/2022,3,666225607,Declan Greig
12/10/2022,4,893129195,Yusha Potter
12/10/2022,5,363400602,Sheikh Fountain
12/11/2022,1,049511564,Yazmin Gates
12/11/2022,2,945514330,Artur Hines
12/11/2022,3,858682161,Eva Page
12/11/2022,4,180131040,Clara Milne
12/11/2022,5,842163684,Uma Bateman
12/12/2022,1,738436288,Elise Mcgill
12/12/2022,2,774744905,Tevin Travers
12/12/2022,3,040602214,Justine Williams
12/12/2022,4,185400724,Abigale Adam
12/12/2022,5,671647004,Dolcie Berry
12/13/2022,1,131169664,Ashley Combs
12/13/2022,2,565498231,Danyaal Stamp
12/13/2022,3,541504066,Romilly Norman
12/13/2022,4,241299782,Ricardo Humphries
12/13/2022,5,526804564,Martin Ellwood
12/14/2022,1,230307913,Cally Griffiths
12/14/2022,2,627351162,Samirah Peel
12/14/2022,3,919582682,Darnell Simpson
12/14/2022,4,822493852,Lucia Hodges
12/14/2022,5,645706128,Brook Cuevas
12/15/2022,1,119099091,Sylvia Beach
12/15/2022,2,055574903,Mia Rooney
12/15/2022,3,031422423,Kenzie Broughton
12/15/2022,4,162048764,Shaun Hurley
12/15/2022,5,363155177,Izaac Burks
12/16/2022,1,641329295,Jemimah Oneil
12/16/2022,2,139520890,Mack Holder
12/16/2022,3,682524622,Toni Porter
12/16/2022,4,871513618,Jess Mcknight
12/16/2022,5,184617780,Teodor Woolley
12/17/2022,1,229866116,Mathilda Strong
12/17/2022,2,367300351,Chandler Browne
12/17/2022,3,182347776,Ellen Eaton
12/17/2022,4,895663823,Lamar Cantrell
12/17/2022,5,530899486,Mahnoor Childs
12/18/2022,1,182336064,Killian Terry
12/18/2022,2,366594505,Estelle Dudley
12/18/2022,3,417393189,Conan Mullen
12/18/2022,4,955183865,Elsie Cobb
12/18/2022,5,624918139,Keenan Mackie
12/19/2022,1,819597140,Marwan Gilmore
12/19/2022,2,070212359,Aroush Bullock
12/19/2022,3,385069370,Rhonda Hope
12/19/2022,4,455390654,Antonio Maguire
12/19/2022,5,858017197,Sue Timms
12/20/2022,1,725844055,Amie Gonzales
12/20/2022,2,024379142,Maverick Holding
12/20/2022,3,211812088,Presley Miller
12/20/2022,4,439024612,Kristie Mcclain
12/20/2022,5,450212503,Camille Lopez
12/21/2022,1,824673634,Aimie Andrew
12/21/2022,2,319612526,Manahil Bruce
12/21/2022,3,877617505,Tia Sutherland
12/21/2022,4,340517217,Dewey York
12/21/2022,5,658671540,Zainab Hills
12/22/2022,1,331315697,Deniz Legge
12/22/2022,2,985549337,Damian Lord
12/22/2022,3,144287609,Isabell Franco
12/22/2022,4,330133364,Scarlett-Rose Villa
12/22/2022,5,793606469,India Serrano
12/23/2022,1,243428156,Sammy King
12/23/2022,2,507427530,Leela Legge
12/23/2022,3,016799604,Karolina Tyson
12/23/2022,4,185424320,Arun Donovan
12/23/2022,5,129124553,Bridget Bell
12/24/2022,1,402620604,Brennan Adkins
12/24/2022,2,101803044,Enoch Benson
12/24/2022,3,504908570,Rudra Goodwin
12/24/2022,4,065959919,Karim Millar
12/24/2022,5,116461403,Jorge Mccarthy
12/25/2022,1,527239939,Danielle Zavala
12/25/2022,2,384954367,Billy Salinas
12/25/2022,3,849083107,Celine Talbot
12/25/2022,4,447760306,Dianne Wiley
12/25/2022,5,333164457,Cally Pugh
12/26/2022,1,453938661,Helin Yates
12/26/2022,2,775562682,Ariadne Frank
12/26/2022,3,380742436,Margie Mack
12/26/2022,4,709488551,Maisha Conway
12/26/2022,5,894916313,Tre Eastwood
12/27/2022,1,748069159,Esmee Wormald
12/27/2022,2,867729662,Samantha Elliott
12/27/2022,3,213754824,Shayla Cousins
12/27/2022,4,439024612,Kristie Mcclain
12/27/2022,5,041403864,Koa Klein
12/28/2022,1,667402367,Akshay Mckinney
12/28/2022,2,540407885,Selin Oconnor
12/28/2022,3,194442142,Emaan Manning
12/28/2022,4,468042256,Elora Jefferson
12/28/2022,5,293117510,Olivia-Grace Ortega
12/29/2022,1,973097424,Awais Redmond
12/29/2022,2,494421682,Winifred Sheehan
12/29/2022,3,030881691,Isha Spencer
12/29/2022,4,320030667,Laurie Sanchez
12/29/2022,5,602385894,Yash Workman
12/30/2022,1,415762773,Camron Stubbs
12/30/2022,2,536189273,Christie Tate
12/30/2022,3,307015592,Chanelle Blackwell
12/30/2022,4,672470854,Zayan Herring
12/30/2022,5,162808923,Myra Lambert
12/31/2022,1,145118928,Fenella Spencer
12/31/2022,2,114676610,Korben Petersen
12/31/2022,3,457333550,Hayden White
12/31/2022,4,804615001,Edith Owen
12/31/2022,5,810463418,Rachael Villanueva
1/1/2023,1,,
1/1/2023,2,,
1/1/2023,3,,
1/1/2023,4,,
1/1/2023,5,,
1/2/2023,1,531998602,Caitlin West
1/2/2023,2,361449255,Harvey-Lee Mcdonald
1/2/2023,3,621736472,Diesel Ferguson
1/2/2023,4,215456336,Ellis Horne
1/2/2023,5,003339105,Helin Sanford
1/3/2023,1,092508382,Jody Whitmore
1/3/2023,2,946698775,Raife Cain
1/3/2023,3,427221188,Cayson Clark
1/3/2023,4,920018415,Hadiya Frey
1/3/2023,5,035187007,Jamelia Cordova
1/4/2023,1,479454710,Hubert Mcbride
1/4/2023,2,577052073,Dawud Owens
1/4/2023,3,163778887,Cooper Lawrence
1/4/2023,4,560473936,Tyrone Watson
1/4/2023,5,292036514,Oliver Mackenzie
1/5/2023,1,216305888,Nathanial Dennis
1/5/2023,2,999786337,Emmett Kirkland
1/5/2023,3,068674168,Kristi Mcintosh
1/5/2023,4,387195392,Montgomery Underwood
1/5/2023,5,604332340,Connor Russo
1/6/2023,1,445907227,Reginald Bell
1/6/2023,2,601344773,Anees Wilkerson
1/6/2023,3,101429067,Pascal Goff
1/6/2023,4,660201009,Jeffrey Higgs
1/6/2023,5,808403710,Tadhg Mills
1/7/2023,1,708736250,Tonisha Galloway
1/7/2023,2,750101555,Haniya Hardin
1/7/2023,3,197627858,Sade Cleveland
1/7/2023,4,441920298,Mehak Reyes
1/7/2023,5,488246649,Faraz Thorpe
1/8/2023,1,107051620,Zidane Stephens
1/8/2023,2,764947381,Willow Barrera
1/8/2023,3,029262463,Tadhg Parkinson
1/8/2023,4,757355310,Antoni Field
1/8/2023,5,366448901,Breanna Lambert
1/9/2023,1,298661578,Austen Knight
1/9/2023,2,561989080,Kyron Crane
1/9/2023,3,521621886,Alishia Lyon
1/9/2023,4,957953874,Arbaaz Chandler
1/9/2023,5,623828312,Nabil Fellows
1/10/2023,1,867729662,Samantha Elliott
1/10/2023,2,429421476,Aimee Sosa
1/10/2023,3,748069159,Esmee Wormald
1/10/2023,4,202986655,Dua Goff
1/10/2023,5,035187007,Jamelia Cordova
1/11/2023,1,649579964,Kelsi Thornton
1/11/2023,2,482052491,Gracey Clark
1/11/2023,3,639881514,Carl Whitfield
1/11/2023,4,667024223,Romeo Palacios
1/11/2023,5,521244745,Bertha Bains
1/12/2023,1,051557302,Jeffery Reeves
1/12/2023,2,673763355,Coen Mcloughlin
1/12/2023,3,424004814,Korban Larsen
1/12/2023,4,752855001,Fabio Pike
1/12/2023,5,923170207,Cherise Cornish
1/13/2023,1,001856722,Jevon Frye
1/13/2023,2,671829469,Amman Snyder
1/13/2023,3,680282641,Alyx Begum
1/13/2023,4,697761553,Angelica Lennon
1/13/2023,5,217716189,Muhammed Avila
1/14/2023,1,911580504,Pierce Hampton
1/14/2023,2,817453728,Hilda Valenzuela
1/14/2023,3,746370745,Sonya Leblanc
1/14/2023,4,289011117,Jillian Higgs
1/14/2023,5,842266277,Ruari Sandoval
1/15/2023,1,022730805,Kyla Wall
1/15/2023,2,650541626,Khadeeja Olson
1/15/2023,3,531873082,Hadley Atkins
1/15/2023,4,728303992,Pearce Brook
1/15/2023,5,177633745,Elle Read
1/16/2023,1,067662380,Ayden Dillon
1/16/2023,2,127664174,Clayton Ashton
1/16/2023,3,087849748,Miller Robinson
1/16/2023,4,442310799,Imani Mayer
1/16/2023,5,282033879,Fenton Gamble
1/17/2023,1,211812088,Presley Miller
1/17/2023,2,377439783,Mahima Dunlap
1/17/2023,3,213754824,Shayla Cousins
1/17/2023,4,202986655,Dua Goff
1/17/2023,5,640519636,Rodney Meyer
1/18/2023,1,605673332,Muskaan Pike
1/18/2023,2,472581987,Ameerah Cole
1/18/2023,3,023940369,Andreea Mcnally
1/18/2023,4,557828290,Joseff Frederick
1/18/2023,5,943717159,Tazmin Mansell
1/19/2023,1,082362344,Kelsie Novak
1/19/2023,2,144220661,Christian Leonard
1/19/2023,3,274265273,Maizie Foley
1/19/2023,4,781662319,Blanka Bridges
1/19/2023,5,504802334,Burhan Pearce
2/4/2023,1,100713254,Kason Dalton
2/4/2023,2,156454394,Roseanne Roberts
2/4/2023,3,241786842,Kain Cross
2/4/2023,4,550538641,Macie Nash
2/4/2023,5,666505963,Ramone Blanchard
